CompaniesIn76354,,,,,
,,,,,
Types of Service:,,,,,
Home Internet: ACP home Internet service,,,,,
Mobile Internet: ACP mobile Internet service,,,,,
,,,,,
Company Name,Phone,Type of Service,$0 with ACP,Discounted Device,Company URL
Nexus Telecom,832-579-0193,Home Internet,Yes,Yes,https://www.nexustelecom.com/
VOLT MOBILE INC.,888-200-8923,Home Internet,Yes,Yes,https://www.govoltmobile.com
GR8 CONNECT CORP.,888-288-8817,Home Internet,Yes,Yes,https://www.gr8connect.net
Peeringhub Inc,838-217-8002,Home Internet,Yes,Yes,https://www.peeringhub.com/
"City Communications, Inc",888-424-5588,Home Internet,Yes,Yes,https://www.citycom.co